index,actual_time,previous_time,weekday,hour,minute,second,day,month,year
37,80.0,90.0,0,1,42,14,31,7,2017
80,90.0,80.0,0,3,2,15,31,7,2017
106,95.0,90.0,0,3,52,15,31,7,2017
158,90.0,95.0,0,5,22,16,31,7,2017
192,-1.0,90.0,0,7,2,16,31,7,2017
206,75.0,-1.0,0,7,42,17,31,7,2017
252,40.0,75.0,0,10,22,18,31,7,2017
275,55.0,40.0,0,11,22,18,31,7,2017
304,60.0,55.0,0,12,42,19,31,7,2017
322,85.0,60.0,0,13,12,19,31,7,2017
384,70.0,85.0,0,15,22,20,31,7,2017
421,60.0,70.0,0,16,22,21,31,7,2017
455,55.0,60.0,0,17,22,21,31,7,2017
482,60.0,55.0,0,18,42,22,31,7,2017
510,60.0,60.0,0,19,22,22,31,7,2017
549,60.0,60.0,0,20,42,23,31,7,2017
559,65.0,60.0,0,21,2,23,31,7,2017
609,60.0,65.0,0,22,12,24,31,7,2017
647,60.0,60.0,0,23,32,24,31,7,2017
672,55.0,60.0,1,0,12,25,1,8,2017
710,55.0,55.0,1,1,22,25,1,8,2017
738,50.0,55.0,1,2,12,26,1,8,2017
770,55.0,50.0,1,3,22,26,1,8,2017
796,20.0,55.0,1,4,22,27,1,8,2017
854,15.0,20.0,1,6,22,28,1,8,2017
865,-1.0,15.0,1,7,2,28,1,8,2017
875,10.0,-1.0,1,7,22,28,1,8,2017
909,-1.0,10.0,1,9,12,29,1,8,2017
925,20.0,-1.0,1,10,42,30,1,8,2017
947,30.0,20.0,1,11,22,30,1,8,2017
956,45.0,30.0,1,12,2,30,1,8,2017
982,45.0,45.0,1,12,52,31,1,8,2017
1030,50.0,45.0,1,14,22,31,1,8,2017
1060,45.0,50.0,1,15,12,32,1,8,2017
1092,50.0,45.0,1,16,12,33,1,8,2017
1149,50.0,50.0,1,18,32,34,1,8,2017
1217,45.0,50.0,1,20,52,35,1,8,2017
1265,40.0,45.0,1,22,12,35,1,8,2017
1302,40.0,40.0,1,23,12,36,1,8,2017
1344,30.0,40.0,2,0,52,37,2,8,2017
1373,40.0,30.0,2,1,42,37,2,8,2017
1423,40.0,40.0,2,3,22,38,2,8,2017
1454,40.0,40.0,2,4,32,38,2,8,2017
1456,30.0,40.0,2,4,52,38,2,8,2017
1511,30.0,30.0,2,6,32,39,2,8,2017
1520,10.0,30.0,2,7,2,39,2,8,2017
1557,15.0,10.0,2,9,22,41,2,8,2017
1576,25.0,15.0,2,10,42,41,2,8,2017
1597,30.0,25.0,2,11,42,42,2,8,2017
1625,30.0,30.0,2,13,12,44,2,8,2017
1727,40.0,30.0,2,16,32,44,2,8,2017
1731,40.0,40.0,2,16,42,44,2,8,2017
1802,45.0,40.0,2,19,2,46,2,8,2017
1813,45.0,45.0,2,19,12,46,2,8,2017
1862,45.0,45.0,2,21,2,47,2,8,2017
1950,45.0,45.0,2,23,32,48,2,8,2017
2030,35.0,45.0,3,2,12,49,3,8,2017
2070,25.0,35.0,3,3,32,50,3,8,2017
2093,20.0,25.0,3,4,32,50,3,8,2017
2150,20.0,20.0,3,6,12,51,3,8,2017
2162,-1.0,20.0,3,7,2,51,3,8,2017
2172,-1.0,-1.0,3,7,32,51,3,8,2017
2192,5.0,-1.0,3,8,42,52,3,8,2017
2207,5.0,5.0,3,9,2,52,3,8,2017
2224,20.0,5.0,3,10,22,53,3,8,2017
2247,35.0,20.0,3,11,42,54,3,8,2017
2277,60.0,35.0,3,12,52,54,3,8,2017
2331,75.0,60.0,3,14,12,55,3,8,2017
2364,75.0,75.0,3,15,12,56,3,8,2017
2394,90.0,75.0,3,16,22,56,3,8,2017
2416,90.0,90.0,3,17,12,56,3,8,2017
2461,90.0,90.0,3,18,52,57,3,8,2017
2481,15.0,90.0,3,19,12,57,3,8,2017
2508,100.0,15.0,3,20,12,58,3,8,2017
2523,85.0,100.0,3,20,52,58,3,8,2017
2565,80.0,85.0,3,22,2,59,3,8,2017
2590,60.0,80.0,3,23,2,59,3,8,2017
2613,30.0,60.0,4,0,3,0,4,8,2017
2659,20.0,30.0,4,1,23,2,4,8,2017
2675,20.0,20.0,4,2,3,1,4,8,2017
2699,20.0,20.0,4,3,3,1,4,8,2017
2733,10.0,20.0,4,4,3,2,4,8,2017
2767,15.0,10.0,4,5,3,3,4,8,2017
2799,20.0,15.0,4,6,3,3,4,8,2017
2818,-1.0,20.0,4,7,3,3,4,8,2017
2864,15.0,-1.0,4,10,33,5,4,8,2017
2885,35.0,15.0,4,11,43,5,4,8,2017
2916,40.0,35.0,4,12,53,6,4,8,2017
2967,50.0,40.0,4,14,13,7,4,8,2017
2995,50.0,50.0,4,15,13,7,4,8,2017
3025,50.0,50.0,4,16,23,7,4,8,2017
3060,45.0,50.0,4,17,23,8,4,8,2017
3096,45.0,45.0,4,18,43,9,4,8,2017
3125,50.0,45.0,4,19,23,9,4,8,2017
3159,60.0,50.0,4,20,13,9,4,8,2017
3174,70.0,60.0,4,21,3,10,4,8,2017
3210,40.0,70.0,4,22,13,10,4,8,2017
3229,40.0,40.0,4,23,3,11,4,8,2017
3277,20.0,40.0,5,0,13,12,5,8,2017
3297,20.0,20.0,5,1,3,12,5,8,2017
3353,20.0,20.0,5,2,43,13,5,8,2017
3399,-1.0,20.0,5,4,23,14,5,8,2017
3447,30.0,-1.0,5,6,3,14,5,8,2017
3464,-1.0,30.0,5,7,3,15,5,8,2017
3473,25.0,-1.0,5,7,23,15,5,8,2017
3484,15.0,25.0,5,8,23,15,5,8,2017
3499,5.0,15.0,5,9,23,16,5,8,2017
3514,10.0,5.0,5,10,13,16,5,8,2017
3535,15.0,10.0,5,11,33,17,5,8,2017
3554,20.0,15.0,5,12,33,17,5,8,2017
3557,25.0,20.0,5,12,43,17,5,8,2017
3677,40.0,25.0,5,16,33,23,5,8,2017
3691,45.0,40.0,5,17,3,19,5,8,2017
3805,60.0,45.0,5,20,33,21,5,8,2017
3806,65.0,60.0,5,20,43,21,5,8,2017
3835,70.0,65.0,5,21,53,22,5,8,2017
3870,75.0,70.0,5,22,53,22,5,8,2017
3902,75.0,75.0,5,23,53,23,5,8,2017
3939,75.0,75.0,6,1,3,24,6,8,2017
3960,65.0,75.0,6,1,43,28,6,8,2017
4005,70.0,65.0,6,3,3,28,6,8,2017
4031,75.0,70.0,6,4,3,25,6,8,2017
4044,65.0,75.0,6,4,43,25,6,8,2017
4098,60.0,65.0,6,6,13,26,6,8,2017
4115,-1.0,60.0,6,7,3,26,6,8,2017
4124,55.0,-1.0,6,7,33,27,6,8,2017
4138,50.0,55.0,6,8,23,27,6,8,2017
4156,30.0,50.0,6,9,53,28,6,8,2017
4169,10.0,30.0,6,10,33,28,6,8,2017
4171,10.0,10.0,6,10,43,28,6,8,2017
4213,15.0,10.0,6,12,43,29,6,8,2017
4223,25.0,15.0,6,13,3,30,6,8,2017
4265,35.0,25.0,6,14,13,30,6,8,2017
4299,35.0,35.0,6,15,13,30,6,8,2017
4334,40.0,35.0,6,16,23,31,6,8,2017
4363,50.0,40.0,6,17,13,31,6,8,2017
4381,20.0,50.0,6,18,3,32,6,8,2017
4424,90.0,20.0,6,19,23,33,6,8,2017
4452,100.0,90.0,6,20,13,33,6,8,2017
4473,110.0,100.0,6,21,3,33,6,8,2017
4502,110.0,110.0,6,22,3,33,6,8,2017
4532,115.0,110.0,6,23,3,34,6,8,2017
4555,115.0,115.0,0,0,3,34,7,8,2017
4590,115.0,115.0,0,1,3,35,7,8,2017
4620,115.0,115.0,0,2,3,46,7,8,2017
4648,115.0,115.0,0,3,3,36,7,8,2017
4680,115.0,115.0,0,4,3,36,7,8,2017
4708,115.0,115.0,0,5,3,37,7,8,2017
4743,100.0,115.0,0,6,13,37,7,8,2017
4754,90.0,100.0,0,7,3,38,7,8,2017
4778,60.0,90.0,0,8,43,38,7,8,2017
4787,60.0,60.0,0,9,13,39,7,8,2017
4804,60.0,60.0,0,10,3,39,7,8,2017
4825,60.0,60.0,0,11,23,40,7,8,2017
4846,90.0,60.0,0,12,23,40,7,8,2017
4853,90.0,90.0,0,12,43,40,7,8,2017
4910,110.0,90.0,0,14,23,41,7,8,2017
4931,100.0,110.0,0,15,3,41,7,8,2017
4970,90.0,100.0,0,16,23,42,7,8,2017
4999,80.0,90.0,0,17,13,42,7,8,2017
5030,60.0,80.0,0,18,13,43,7,8,2017
5059,60.0,60.0,0,19,13,43,7,8,2017
5082,70.0,60.0,0,20,13,44,7,8,2017
5105,70.0,70.0,0,21,3,44,7,8,2017
5151,80.0,70.0,0,22,13,45,7,8,2017
5176,80.0,80.0,0,23,3,45,7,8,2017
5191,85.0,80.0,0,23,53,46,7,8,2017
5224,45.0,85.0,1,0,53,46,8,8,2017
5258,30.0,45.0,1,1,53,47,8,8,2017
5289,40.0,30.0,1,2,53,47,8,8,2017
5327,30.0,40.0,1,4,3,48,8,8,2017
5393,30.0,30.0,1,6,13,49,8,8,2017
5407,-1.0,30.0,1,7,3,49,8,8,2017
5420,10.0,-1.0,1,7,43,50,8,8,2017
5432,-1.0,10.0,1,8,23,50,8,8,2017
5447,10.0,-1.0,1,9,23,51,8,8,2017
5463,30.0,10.0,1,10,33,51,8,8,2017
5486,45.0,30.0,1,11,43,51,8,8,2017
5507,60.0,45.0,1,12,23,52,8,8,2017
5512,60.0,60.0,1,12,43,52,8,8,2017
5554,60.0,60.0,1,14,3,53,8,8,2017
5590,60.0,60.0,1,15,13,53,8,8,2017
5619,50.0,60.0,1,16,13,54,8,8,2017
5647,45.0,50.0,1,17,13,54,8,8,2017
5685,45.0,45.0,1,18,23,55,8,8,2017
5698,45.0,45.0,1,19,3,55,8,8,2017
5740,45.0,45.0,1,20,13,58,8,8,2017
5764,55.0,45.0,1,21,3,56,8,8,2017
5794,55.0,55.0,1,22,3,57,8,8,2017
5823,55.0,55.0,1,23,3,57,8,8,2017
5852,55.0,55.0,2,0,3,58,9,8,2017
5876,45.0,55.0,2,1,3,58,9,8,2017
5900,45.0,45.0,2,2,3,59,9,8,2017
5944,40.0,45.0,2,3,13,59,9,8,2017
5968,30.0,40.0,2,4,14,0,9,8,2017
5977,20.0,30.0,2,4,54,0,9,8,2017
6028,20.0,20.0,2,6,14,1,9,8,2017
6044,-1.0,20.0,2,7,4,1,9,8,2017
6051,15.0,-1.0,2,7,14,2,9,8,2017
6066,5.0,15.0,2,8,14,2,9,8,2017
6079,5.0,5.0,2,9,4,3,9,8,2017
6093,25.0,5.0,2,10,4,3,9,8,2017
6117,20.0,25.0,2,11,14,4,9,8,2017
6147,35.0,20.0,2,12,14,4,9,8,2017
6153,30.0,35.0,2,12,44,4,9,8,2017
6269,50.0,30.0,2,16,44,6,9,8,2017
6352,55.0,50.0,2,19,34,8,9,8,2017
6389,65.0,55.0,2,20,54,8,9,8,2017
6431,60.0,65.0,2,22,4,9,9,8,2017
6461,60.0,60.0,2,23,4,9,9,8,2017
6490,60.0,60.0,3,0,4,10,10,8,2017
6521,20.0,60.0,3,1,14,11,10,8,2017
6543,15.0,20.0,3,2,4,11,10,8,2017
6580,15.0,15.0,3,3,14,11,10,8,2017
6601,10.0,15.0,3,4,4,12,10,8,2017
6640,15.0,10.0,3,5,4,13,10,8,2017
6668,30.0,15.0,3,6,44,13,10,8,2017
6678,-1.0,30.0,3,7,4,13,10,8,2017
6702,5.0,-1.0,3,8,24,14,10,8,2017
6710,10.0,5.0,3,9,14,14,10,8,2017
6719,20.0,10.0,3,10,4,15,10,8,2017
6750,30.0,20.0,3,11,34,16,10,8,2017
6773,45.0,30.0,3,12,44,16,10,8,2017
6776,45.0,45.0,3,12,54,16,10,8,2017
6819,60.0,45.0,3,14,24,17,10,8,2017
6860,70.0,60.0,3,15,54,18,10,8,2017
6878,70.0,70.0,3,16,14,18,10,8,2017
6912,60.0,70.0,3,17,34,18,10,8,2017
6950,70.0,60.0,3,18,54,19,10,8,2017
6965,60.0,70.0,3,19,14,19,10,8,2017
7000,50.0,60.0,3,20,24,20,10,8,2017
7063,50.0,50.0,3,22,54,21,10,8,2017
7107,30.0,50.0,4,0,4,22,11,8,2017
7142,30.0,30.0,4,1,14,22,11,8,2017
7152,30.0,30.0,4,1,54,23,11,8,2017
7212,30.0,30.0,4,3,44,23,11,8,2017
7295,30.0,30.0,4,6,14,25,11,8,2017
7309,-1.0,30.0,4,7,4,25,11,8,2017
7315,5.0,-1.0,4,7,14,25,11,8,2017
7334,5.0,5.0,4,8,14,26,11,8,2017
7350,15.0,5.0,4,9,14,26,11,8,2017
7371,20.0,15.0,4,10,24,27,11,8,2017
7385,30.0,20.0,4,11,14,27,11,8,2017
7417,30.0,30.0,4,12,14,28,11,8,2017
7425,35.0,30.0,4,12,44,28,11,8,2017
7522,45.0,35.0,4,15,44,29,11,8,2017
7624,45.0,45.0,4,19,4,31,11,8,2017
7636,45.0,45.0,4,19,14,31,11,8,2017
7680,45.0,45.0,4,20,34,32,11,8,2017
7698,45.0,45.0,4,21,14,32,11,8,2017
7733,35.0,45.0,4,22,34,33,11,8,2017
7871,20.0,35.0,5,3,54,35,12,8,2017
7881,30.0,20.0,5,4,4,39,12,8,2017
7886,30.0,30.0,5,4,14,36,12,8,2017
7897,25.0,30.0,5,4,44,36,12,8,2017
7948,20.0,25.0,5,6,14,37,12,8,2017
7955,15.0,20.0,5,7,4,37,12,8,2017
7977,5.0,15.0,5,8,4,37,12,8,2017
7993,5.0,5.0,5,9,4,38,12,8,2017
8011,5.0,5.0,5,10,14,39,12,8,2017
8034,10.0,5.0,5,11,24,39,12,8,2017
8054,20.0,10.0,5,12,14,39,12,8,2017
8059,25.0,20.0,5,12,34,39,12,8,2017
8147,45.0,25.0,5,15,34,41,12,8,2017
8178,50.0,45.0,5,16,24,41,12,8,2017
8211,50.0,50.0,5,17,14,42,12,8,2017
8248,60.0,50.0,5,18,44,42,12,8,2017
8277,70.0,60.0,5,19,14,43,12,8,2017
8310,90.0,70.0,5,20,44,44,12,8,2017
8405,75.0,90.0,5,23,54,45,12,8,2017
8463,70.0,75.0,6,1,54,46,13,8,2017
8514,70.0,70.0,6,3,34,47,13,8,2017
8532,65.0,70.0,6,4,24,47,13,8,2017
8607,60.0,65.0,6,7,4,48,13,8,2017
8629,70.0,60.0,6,8,24,50,13,8,2017
8633,120.0,70.0,6,8,54,50,13,8,2017
8652,30.0,120.0,6,9,24,50,13,8,2017
8667,25.0,30.0,6,10,24,52,13,8,2017
8689,30.0,25.0,6,11,54,51,13,8,2017
8758,40.0,30.0,6,14,4,52,13,8,2017
8799,5.0,40.0,6,15,14,53,13,8,2017
8824,30.0,5.0,6,16,4,53,13,8,2017
8859,45.0,30.0,6,17,4,54,13,8,2017
8890,50.0,45.0,6,18,4,55,13,8,2017
8926,60.0,50.0,6,19,4,56,13,8,2017
8954,70.0,60.0,6,20,4,55,13,8,2017
8984,75.0,70.0,6,21,4,56,13,8,2017
9150,100.0,75.0,0,2,14,58,14,8,2017
9157,100.0,100.0,0,2,54,58,14,8,2017
9190,100.0,100.0,0,3,54,59,14,8,2017
9210,100.0,100.0,0,4,14,59,14,8,2017
9284,-1.0,100.0,0,7,5,1,14,8,2017
9291,105.0,-1.0,0,7,25,0,14,8,2017
9319,75.0,105.0,0,9,15,1,14,8,2017
9322,45.0,75.0,0,9,25,1,14,8,2017
9359,55.0,45.0,0,11,45,3,14,8,2017
9382,60.0,55.0,0,12,35,2,14,8,2017
9394,60.0,60.0,0,13,5,3,14,8,2017
9479,45.0,60.0,0,15,35,4,14,8,2017
9505,45.0,45.0,0,16,45,5,14,8,2017
9530,45.0,45.0,0,17,15,5,14,8,2017
9558,50.0,45.0,0,18,25,6,14,8,2017
9587,50.0,50.0,0,19,25,6,14,8,2017
9616,50.0,50.0,0,20,45,7,14,8,2017
9620,60.0,50.0,0,20,55,7,14,8,2017
9653,20.0,60.0,3,23,0,36,24,8,2017
9658,20.0,20.0,3,23,0,51,24,8,2017
9713,15.0,20.0,3,23,57,4,24,8,2017
9795,15.0,15.0,4,1,17,5,25,8,2017
9818,15.0,15.0,4,1,47,5,25,8,2017
9882,30.0,15.0,4,2,47,6,25,8,2017
9922,35.0,30.0,4,3,27,6,25,8,2017
10063,15.0,35.0,4,6,27,8,25,8,2017
10092,5.0,15.0,4,7,7,8,25,8,2017
10135,-1.0,5.0,4,8,7,8,25,8,2017
10177,10.0,-1.0,4,9,7,8,25,8,2017
10228,15.0,10.0,4,10,7,9,25,8,2017
10276,25.0,15.0,4,11,27,10,25,8,2017
10315,25.0,25.0,4,12,7,10,25,8,2017
10343,30.0,25.0,4,12,37,10,25,8,2017
10514,35.0,30.0,4,15,27,11,25,8,2017
10524,35.0,35.0,4,15,37,12,25,8,2017
10665,40.0,35.0,4,17,57,13,25,8,2017
10756,45.0,40.0,4,19,17,13,25,8,2017
10832,40.0,45.0,4,20,37,14,25,8,2017
10864,30.0,40.0,4,21,7,14,25,8,2017
10878,30.0,30.0,4,21,17,14,25,8,2017
10955,10.0,30.0,4,22,47,15,25,8,2017
11025,10.0,10.0,4,23,57,16,25,8,2017
11061,10.0,10.0,5,0,37,16,26,8,2017
11130,15.0,10.0,5,1,57,16,26,8,2017
11194,35.0,15.0,5,2,57,17,26,8,2017
11424,-1.0,35.0,5,7,7,19,26,8,2017
11446,10.0,-1.0,5,7,37,19,26,8,2017
11620,15.0,10.0,5,12,7,21,26,8,2017
11663,30.0,15.0,5,12,57,22,26,8,2017
11739,30.0,30.0,5,14,7,22,26,8,2017
11781,30.0,30.0,5,14,57,22,26,8,2017
11864,35.0,30.0,5,16,7,23,26,8,2017
11919,35.0,35.0,5,17,7,24,26,8,2017
11960,35.0,35.0,5,17,57,24,26,8,2017
12039,40.0,35.0,5,19,7,25,26,8,2017
12100,45.0,40.0,5,20,7,25,26,8,2017
12148,45.0,45.0,5,20,57,25,26,8,2017
12297,45.0,45.0,5,23,27,27,26,8,2017
12411,20.0,45.0,6,1,27,28,27,8,2017
12452,25.0,20.0,6,2,7,28,27,8,2017
12501,25.0,25.0,6,3,7,29,27,8,2017
12609,25.0,25.0,6,4,57,30,27,8,2017
12682,25.0,25.0,6,6,17,30,27,8,2017
12717,30.0,25.0,6,7,7,31,27,8,2017
12762,30.0,30.0,6,8,17,31,27,8,2017
12789,5.0,30.0,6,9,7,31,27,8,2017
12825,-1.0,5.0,6,10,7,32,27,8,2017
12875,5.0,-1.0,6,11,27,33,27,8,2017
12920,5.0,5.0,6,12,17,33,27,8,2017
12945,15.0,5.0,6,12,47,33,27,8,2017
13030,10.0,15.0,6,14,7,34,27,8,2017
13092,20.0,10.0,6,15,7,34,27,8,2017
13156,30.0,20.0,6,16,7,35,27,8,2017
13227,45.0,30.0,6,17,17,35,27,8,2017
13272,50.0,45.0,6,18,7,36,27,8,2017
13334,55.0,50.0,6,19,7,37,27,8,2017
13393,55.0,55.0,6,20,7,37,27,8,2017
13461,60.0,55.0,6,21,7,37,27,8,2017
13472,60.0,60.0,6,21,17,37,27,8,2017
13552,70.0,60.0,6,22,47,38,27,8,2017
13620,70.0,70.0,6,23,57,39,27,8,2017
13662,75.0,70.0,0,0,37,39,28,8,2017
13730,80.0,75.0,0,1,47,39,28,8,2017
13785,75.0,80.0,0,2,37,40,28,8,2017
13852,60.0,75.0,0,3,57,40,28,8,2017
13982,50.0,60.0,0,6,27,42,28,8,2017
14011,-1.0,50.0,0,7,7,42,28,8,2017
14017,45.0,-1.0,0,7,17,42,28,8,2017
14073,20.0,45.0,0,8,57,43,28,8,2017
14106,20.0,20.0,0,9,47,43,28,8,2017
14124,30.0,20.0,0,10,7,43,28,8,2017
14165,45.0,30.0,0,11,7,44,28,8,2017
14236,60.0,45.0,0,12,37,45,28,8,2017
14289,60.0,60.0,0,13,27,45,28,8,2017
14337,60.0,60.0,0,14,17,46,28,8,2017
14408,60.0,60.0,0,15,37,46,28,8,2017
14466,55.0,60.0,0,16,27,47,28,8,2017
14508,45.0,55.0,0,17,17,48,28,8,2017
14584,40.0,45.0,0,18,37,48,28,8,2017
14628,50.0,40.0,0,19,17,48,28,8,2017
14660,50.0,50.0,0,20,7,49,28,8,2017
14698,60.0,50.0,0,20,57,49,28,8,2017
14760,20.0,60.0,0,22,7,50,28,8,2017
14883,20.0,20.0,1,0,37,51,29,8,2017
14981,30.0,20.0,1,2,37,52,29,8,2017
15015,30.0,30.0,1,3,17,52,29,8,2017
15070,30.0,30.0,1,4,27,53,29,8,2017
15076,30.0,30.0,1,4,37,53,29,8,2017
15163,10.0,30.0,1,6,27,54,29,8,2017
15187,5.0,10.0,1,7,7,54,29,8,2017
15216,5.0,5.0,1,8,17,55,29,8,2017
15277,5.0,5.0,1,10,47,56,29,8,2017
15284,20.0,5.0,1,10,57,56,29,8,2017
15351,40.0,20.0,1,12,17,57,29,8,2017
15367,40.0,40.0,1,12,47,57,29,8,2017
15492,40.0,40.0,1,15,7,58,29,8,2017
15546,45.0,40.0,1,16,7,58,29,8,2017
15721,40.0,45.0,1,19,38,0,29,8,2017
15726,35.0,40.0,1,19,48,0,29,8,2017
15750,30.0,35.0,1,20,8,0,29,8,2017
15787,25.0,30.0,1,20,58,0,29,8,2017
15896,10.0,25.0,1,23,8,2,29,8,2017
15952,10.0,10.0,2,0,18,2,30,8,2017
16011,5.0,10.0,2,1,38,3,30,8,2017
16103,10.0,5.0,2,3,28,4,30,8,2017
16151,15.0,10.0,2,4,28,4,30,8,2017
16216,15.0,15.0,2,5,48,5,30,8,2017
16270,5.0,15.0,2,7,8,5,30,8,2017
16278,-1.0,5.0,2,7,28,6,30,8,2017
16304,5.0,-1.0,2,8,38,6,30,8,2017
16348,15.0,5.0,2,10,18,7,30,8,2017
16385,20.0,15.0,2,11,18,8,30,8,2017
16428,25.0,20.0,2,12,18,8,30,8,2017
16454,35.0,25.0,2,12,58,8,30,8,2017
16535,40.0,35.0,2,14,28,9,30,8,2017
16595,40.0,40.0,2,15,48,10,30,8,2017
16630,35.0,40.0,2,16,18,10,30,8,2017
16686,30.0,35.0,2,17,38,10,30,8,2017
16735,35.0,30.0,2,18,28,11,30,8,2017
16787,-1.0,35.0,2,19,38,11,30,8,2017
16864,20.0,-1.0,2,21,8,13,30,8,2017
16918,15.0,20.0,2,22,8,13,30,8,2017
16954,10.0,15.0,2,22,58,13,30,8,2017
17003,10.0,10.0,2,23,58,14,30,8,2017
17071,10.0,10.0,3,1,8,14,31,8,2017
17121,15.0,10.0,3,2,8,15,31,8,2017
17160,15.0,15.0,3,2,58,15,31,8,2017
17224,15.0,15.0,3,4,8,16,31,8,2017
17256,20.0,15.0,3,4,58,16,31,8,2017
17315,20.0,20.0,3,6,8,17,31,8,2017
17341,-1.0,20.0,3,7,8,17,31,8,2017
17352,-1.0,-1.0,3,7,28,17,31,8,2017
17375,5.0,-1.0,3,8,18,18,31,8,2017
17402,5.0,5.0,3,9,18,33,31,8,2017
17429,20.0,5.0,3,10,18,19,31,8,2017
17448,25.0,20.0,3,11,8,19,31,8,2017
17499,30.0,25.0,3,12,8,20,31,8,2017
17525,30.0,30.0,3,12,48,20,31,8,2017
17660,45.0,30.0,3,15,28,21,31,8,2017
17767,35.0,45.0,3,17,48,22,31,8,2017
17923,25.0,35.0,3,20,48,24,31,8,2017
17934,20.0,25.0,3,20,58,24,31,8,2017
17996,20.0,20.0,3,22,8,24,31,8,2017
18061,10.0,20.0,3,23,28,25,31,8,2017
18209,20.0,10.0,4,2,28,26,1,9,2017
18281,20.0,20.0,4,3,58,27,1,9,2017
18307,20.0,20.0,4,4,28,27,1,9,2017
18434,-1.0,20.0,4,7,8,29,1,9,2017
18473,5.0,-1.0,4,8,28,30,1,9,2017
18541,5.0,5.0,4,10,38,31,1,9,2017
18546,15.0,5.0,4,10,48,31,1,9,2017
18613,30.0,15.0,4,12,28,32,1,9,2017
18631,30.0,30.0,4,12,58,32,1,9,2017
18711,45.0,30.0,4,14,28,33,1,9,2017
18772,40.0,45.0,4,15,48,33,1,9,2017
18802,50.0,40.0,4,16,18,34,1,9,2017
18845,50.0,50.0,4,17,18,34,1,9,2017
18912,50.0,50.0,4,18,48,35,1,9,2017
18940,60.0,50.0,4,19,18,35,1,9,2017
18977,60.0,60.0,4,20,8,35,1,9,2017
19026,50.0,60.0,4,21,8,36,1,9,2017
19037,50.0,50.0,4,21,18,36,1,9,2017
19116,30.0,50.0,4,22,58,37,1,9,2017
19187,10.0,30.0,5,0,18,38,2,9,2017
19217,10.0,10.0,5,0,58,38,2,9,2017
19269,25.0,10.0,5,1,58,38,2,9,2017
19306,30.0,25.0,5,2,48,39,2,9,2017
19483,10.0,30.0,5,6,8,40,2,9,2017
19514,-1.0,10.0,5,7,8,41,2,9,2017
19532,5.0,-1.0,5,7,48,41,2,9,2017
19539,5.0,5.0,5,7,58,41,2,9,2017
19568,5.0,5.0,5,8,48,42,2,9,2017
19658,10.0,5.0,5,11,38,43,2,9,2017
19690,10.0,10.0,5,12,18,43,2,9,2017
19715,15.0,10.0,5,12,58,44,2,9,2017
19779,15.0,15.0,5,14,8,44,2,9,2017
19841,15.0,15.0,5,15,18,45,2,9,2017
19868,15.0,15.0,5,15,58,45,2,9,2017
19928,15.0,15.0,5,17,8,46,2,9,2017
19984,15.0,15.0,5,18,18,46,2,9,2017
20028,15.0,15.0,5,19,8,47,2,9,2017
20097,20.0,15.0,5,20,28,47,2,9,2017
20114,20.0,20.0,5,20,48,47,2,9,2017
20193,25.0,20.0,5,22,28,48,2,9,2017
20256,10.0,25.0,5,23,38,49,2,9,2017
20343,15.0,10.0,6,1,8,50,3,9,2017
20418,25.0,15.0,6,2,48,51,3,9,2017
20499,25.0,25.0,6,4,18,51,3,9,2017
20515,25.0,25.0,6,4,38,51,3,9,2017
20614,25.0,25.0,6,6,48,52,3,9,2017
20634,-1.0,25.0,6,7,8,52,3,9,2017
20671,25.0,-1.0,6,8,8,53,3,9,2017
20691,5.0,25.0,6,8,58,54,3,9,2017
20787,10.0,5.0,6,11,48,55,3,9,2017
20794,15.0,10.0,6,11,58,55,3,9,2017
20809,10.0,15.0,6,12,8,55,3,9,2017
20846,5.0,10.0,6,12,58,56,3,9,2017
20906,5.0,5.0,6,14,8,56,3,9,2017
20944,10.0,5.0,6,14,58,57,3,9,2017
20992,15.0,10.0,6,15,58,57,3,9,2017
21046,20.0,15.0,6,16,58,58,3,9,2017
21096,25.0,20.0,6,17,58,58,3,9,2017
21152,30.0,25.0,6,18,58,59,3,9,2017
21221,40.0,30.0,6,20,8,59,3,9,2017
21261,45.0,40.0,6,21,8,59,3,9,2017
21284,45.0,45.0,6,21,29,0,3,9,2017
21350,50.0,45.0,6,22,49,0,3,9,2017
21431,30.0,50.0,0,0,19,1,4,9,2017
21478,30.0,30.0,0,1,9,2,4,9,2017
21510,30.0,30.0,0,1,59,2,4,9,2017
21549,30.0,30.0,0,2,49,2,4,9,2017
21729,30.0,30.0,0,6,19,4,4,9,2017
21759,-1.0,30.0,0,7,9,4,4,9,2017
21777,20.0,-1.0,0,7,49,4,4,9,2017
21800,5.0,20.0,0,8,19,5,4,9,2017
21833,-1.0,5.0,0,9,19,5,4,9,2017
21860,5.0,-1.0,0,10,9,6,4,9,2017
21903,-1.0,5.0,0,11,19,6,4,9,2017
21948,5.0,-1.0,0,12,19,7,4,9,2017
21957,5.0,5.0,0,12,39,7,4,9,2017
22020,5.0,5.0,0,13,59,8,4,9,2017
22079,10.0,5.0,0,14,59,8,4,9,2017
22122,20.0,10.0,0,15,59,9,4,9,2017
22195,30.0,20.0,0,17,9,9,4,9,2017
22259,30.0,30.0,0,18,29,10,4,9,2017
22298,50.0,30.0,0,19,9,10,4,9,2017
22350,60.0,50.0,0,20,9,11,4,9,2017
22385,70.0,60.0,0,20,59,11,4,9,2017
22440,70.0,70.0,0,22,9,12,4,9,2017
22481,70.0,70.0,0,22,59,12,4,9,2017
22531,60.0,70.0,0,23,59,13,4,9,2017
22581,90.0,60.0,1,0,59,13,5,9,2017
22630,80.0,90.0,1,1,59,13,5,9,2017
22684,70.0,80.0,1,2,59,14,5,9,2017
22744,70.0,70.0,1,4,9,14,5,9,2017
22778,60.0,70.0,1,4,59,15,5,9,2017
22854,60.0,60.0,1,6,29,16,5,9,2017
22885,-1.0,60.0,1,7,9,16,5,9,2017
22919,10.0,-1.0,1,8,9,17,5,9,2017
23003,30.0,10.0,1,10,49,18,5,9,2017
23100,45.0,30.0,1,12,59,19,5,9,2017
23354,85.0,45.0,1,18,9,21,5,9,2017
23364,60.0,85.0,1,18,19,21,5,9,2017
23410,55.0,60.0,1,19,19,22,5,9,2017
23418,55.0,55.0,1,19,29,22,5,9,2017
23483,50.0,55.0,1,20,49,22,5,9,2017
23494,45.0,50.0,1,20,59,22,5,9,2017
23578,30.0,45.0,1,22,59,23,5,9,2017
23647,15.0,30.0,2,0,9,24,6,9,2017
23707,15.0,15.0,2,1,29,25,6,9,2017
23740,15.0,15.0,2,2,9,25,6,9,2017
23861,15.0,15.0,2,4,59,26,6,9,2017
23883,15.0,15.0,2,5,9,27,6,9,2017
23931,20.0,15.0,2,6,9,27,6,9,2017
23973,-1.0,20.0,2,7,9,28,6,9,2017
24067,5.0,-1.0,2,9,39,29,6,9,2017
24091,15.0,5.0,2,10,9,29,6,9,2017
24141,20.0,15.0,2,11,29,29,6,9,2017
24200,40.0,20.0,2,12,49,30,6,9,2017
24294,50.0,40.0,2,14,39,31,6,9,2017
24352,30.0,50.0,2,15,59,32,6,9,2017
24384,30.0,30.0,2,16,29,32,6,9,2017
24436,30.0,30.0,2,17,29,34,6,9,2017
24480,30.0,30.0,2,18,19,33,6,9,2017
24544,30.0,30.0,2,19,39,34,6,9,2017
24585,20.0,30.0,2,20,19,34,6,9,2017
24624,10.0,20.0,2,21,9,35,6,9,2017
24677,20.0,10.0,2,22,9,35,6,9,2017
24779,20.0,20.0,3,0,9,36,7,9,2017
24829,20.0,20.0,3,1,9,37,7,9,2017
24886,20.0,20.0,3,2,19,37,7,9,2017
24898,20.0,20.0,3,2,39,37,7,9,2017
24990,10.0,20.0,3,4,39,38,7,9,2017
25111,-1.0,10.0,3,7,9,40,7,9,2017
25127,5.0,-1.0,3,7,39,40,7,9,2017
25220,15.0,5.0,3,10,29,41,7,9,2017
25317,30.0,15.0,3,12,39,42,7,9,2017
25323,40.0,30.0,3,12,49,42,7,9,2017
25393,45.0,40.0,3,14,9,43,7,9,2017
25477,50.0,45.0,3,15,59,44,7,9,2017
25500,50.0,50.0,3,16,19,44,7,9,2017
25548,50.0,50.0,3,17,19,44,7,9,2017
25605,40.0,50.0,3,18,29,45,7,9,2017
25664,50.0,40.0,3,19,49,46,7,9,2017
25739,20.0,50.0,3,21,9,46,7,9,2017
25830,10.0,20.0,3,23,9,47,7,9,2017
25870,10.0,10.0,3,23,59,48,7,9,2017
25919,10.0,10.0,4,0,59,48,8,9,2017
25975,10.0,10.0,4,2,9,49,8,9,2017
26031,10.0,10.0,4,3,9,49,8,9,2017
26083,10.0,10.0,4,4,9,50,8,9,2017
26113,10.0,10.0,4,4,59,50,8,9,2017
26189,5.0,10.0,4,6,29,50,8,9,2017
26215,-1.0,5.0,4,7,9,51,8,9,2017
26323,5.0,-1.0,4,10,29,53,8,9,2017
26385,40.0,5.0,4,11,59,54,8,9,2017
26421,40.0,40.0,4,12,49,53,8,9,2017
26517,45.0,40.0,4,14,39,54,8,9,2017
26564,45.0,45.0,4,15,39,55,8,9,2017
26596,45.0,45.0,4,16,9,55,8,9,2017
26633,30.0,45.0,4,16,59,55,8,9,2017
26722,30.0,30.0,4,18,49,56,8,9,2017
26757,30.0,30.0,4,19,19,56,8,9,2017
26809,30.0,30.0,4,20,19,57,8,9,2017
26826,30.0,30.0,4,20,49,57,8,9,2017
26851,30.0,30.0,4,21,9,57,8,9,2017
26956,20.0,30.0,4,23,29,58,8,9,2017
26970,20.0,20.0,4,23,49,58,8,9,2017
27054,30.0,20.0,5,1,29,59,9,9,2017
27064,30.0,30.0,5,1,49,59,9,9,2017
27108,40.0,30.0,5,2,40,0,9,9,2017
27159,30.0,40.0,5,3,50,0,9,9,2017
27198,25.0,30.0,5,4,40,1,9,9,2017
27324,-1.0,25.0,5,7,10,2,9,9,2017
27379,-1.0,-1.0,5,9,10,3,9,9,2017
27482,30.0,-1.0,5,12,0,4,9,9,2017
27509,20.0,30.0,5,12,40,4,9,9,2017
27534,20.0,20.0,5,13,10,5,9,9,2017
27639,30.0,20.0,5,15,20,6,9,9,2017
27754,40.0,30.0,5,17,40,7,9,9,2017
27891,40.0,40.0,5,20,20,8,9,9,2017
27902,40.0,40.0,5,20,30,8,9,9,2017
27909,45.0,40.0,5,20,40,8,9,9,2017
27925,50.0,45.0,5,21,0,9,9,9,2017
28013,45.0,50.0,5,22,40,9,9,9,2017
28019,45.0,45.0,5,22,50,9,9,9,2017
28067,45.0,45.0,5,23,50,10,9,9,2017
28171,35.0,45.0,6,2,0,11,10,9,2017
28187,20.0,35.0,6,2,10,11,10,9,2017
28238,10.0,20.0,6,3,10,12,10,9,2017
28307,30.0,10.0,6,4,40,12,10,9,2017
28411,40.0,30.0,6,6,50,13,10,9,2017
28431,-1.0,40.0,6,7,10,14,10,9,2017
28445,30.0,-1.0,6,7,30,14,10,9,2017
28476,10.0,30.0,6,8,40,14,10,9,2017
28502,20.0,10.0,6,9,30,15,10,9,2017
28549,10.0,20.0,6,11,0,15,10,9,2017
28576,10.0,10.0,6,11,40,16,10,9,2017
28630,5.0,10.0,6,12,50,16,10,9,2017
28639,5.0,5.0,6,13,0,16,10,9,2017
28745,20.0,5.0,6,15,0,17,10,9,2017
28867,35.0,20.0,6,17,20,19,10,9,2017
28944,50.0,35.0,6,19,0,19,10,9,2017
28973,50.0,50.0,6,19,30,19,10,9,2017
28995,60.0,50.0,6,20,0,20,10,9,2017
29056,75.0,60.0,6,21,10,20,10,9,2017
29082,4.0,75.0,6,21,40,20,10,9,2017
29151,-1.0,4.0,6,23,0,21,10,9,2017
29170,4.0,-1.0,6,23,10,21,10,9,2017
29229,80.0,4.0,0,0,20,21,11,9,2017
29254,75.0,80.0,0,1,0,22,11,9,2017
29293,70.0,75.0,0,1,50,22,11,9,2017
29351,70.0,70.0,0,3,0,23,11,9,2017
29383,4.0,70.0,0,3,40,23,11,9,2017
29415,45.0,4.0,0,4,20,24,11,9,2017
29531,-1.0,45.0,0,7,10,25,11,9,2017
29552,20.0,-1.0,0,7,50,25,11,9,2017
29567,30.0,20.0,0,8,10,25,11,9,2017
29601,30.0,30.0,0,9,20,26,11,9,2017
29634,45.0,30.0,0,10,20,26,11,9,2017
29676,45.0,45.0,0,11,30,27,11,9,2017
29716,60.0,45.0,0,12,20,27,11,9,2017
29729,60.0,60.0,0,12,40,27,11,9,2017
29829,75.0,60.0,0,14,40,28,11,9,2017
29867,75.0,75.0,0,15,20,29,11,9,2017
29912,75.0,75.0,0,16,20,29,11,9,2017
29962,60.0,75.0,0,17,30,30,11,9,2017
29995,60.0,60.0,0,18,30,30,11,9,2017
30013,60.0,60.0,0,19,10,30,11,9,2017
30072,50.0,60.0,0,20,20,31,11,9,2017
30105,50.0,50.0,0,21,0,31,11,9,2017
30147,40.0,50.0,0,21,50,32,11,9,2017
30384,10.0,40.0,1,2,10,34,12,9,2017
30453,20.0,10.0,1,3,20,34,12,9,2017
30517,25.0,20.0,1,4,40,35,12,9,2017
30581,15.0,25.0,1,5,50,36,12,9,2017
30651,5.0,15.0,1,7,10,37,12,9,2017
30692,5.0,5.0,1,8,30,37,12,9,2017
30719,15.0,5.0,1,9,10,37,12,9,2017
30796,20.0,15.0,1,11,20,38,12,9,2017
30802,25.0,20.0,1,11,30,38,12,9,2017
30857,40.0,25.0,1,12,50,39,12,9,2017
31130,45.0,40.0,1,18,50,42,12,9,2017
31161,45.0,45.0,1,19,20,42,12,9,2017
31190,45.0,45.0,1,20,0,43,12,9,2017
31244,50.0,45.0,1,21,0,43,12,9,2017
31289,50.0,50.0,1,22,0,44,12,9,2017
31361,50.0,50.0,1,23,20,44,12,9,2017
31417,50.0,50.0,2,0,50,45,13,9,2017
31501,40.0,50.0,2,2,30,46,13,9,2017
31582,30.0,40.0,2,4,20,46,13,9,2017
31587,30.0,30.0,2,4,30,47,13,9,2017
31693,20.0,30.0,2,6,50,48,13,9,2017
31705,-1.0,20.0,2,7,0,48,13,9,2017
31713,5.0,-1.0,2,7,10,49,13,9,2017
31836,15.0,5.0,2,10,20,49,13,9,2017
31880,30.0,15.0,2,11,20,50,13,9,2017
31957,55.0,30.0,2,12,50,51,13,9,2017
32053,55.0,55.0,2,14,40,51,13,9,2017
32068,50.0,55.0,2,15,0,52,13,9,2017
32143,45.0,50.0,2,16,20,52,13,9,2017
32165,35.0,45.0,2,16,50,53,13,9,2017
32244,30.0,35.0,2,18,10,53,13,9,2017
32310,30.0,30.0,2,19,20,54,13,9,2017
32383,20.0,30.0,2,20,40,54,13,9,2017
32393,20.0,20.0,2,20,50,54,13,9,2017
32474,20.0,20.0,2,22,20,55,13,9,2017
32525,10.0,20.0,2,23,20,55,13,9,2017
32642,25.0,10.0,3,1,40,57,14,9,2017
32666,30.0,25.0,3,2,0,58,14,9,2017
32724,30.0,30.0,3,3,10,58,14,9,2017
32797,15.0,30.0,3,4,40,59,14,9,2017
32885,25.0,15.0,3,6,10,59,14,9,2017
32924,-1.0,25.0,3,7,1,0,14,9,2017
32978,5.0,-1.0,3,8,21,0,14,9,2017
33041,10.0,5.0,3,10,1,1,14,9,2017
33052,10.0,10.0,3,10,11,1,14,9,2017
33101,25.0,10.0,3,11,21,2,14,9,2017
33139,30.0,25.0,3,12,1,2,14,9,2017
33163,30.0,30.0,3,12,31,2,14,9,2017
33326,50.0,30.0,3,15,31,4,14,9,2017
33389,45.0,50.0,3,16,41,4,14,9,2017
33662,20.0,45.0,3,21,51,6,14,9,2017
33680,10.0,20.0,3,22,11,7,14,9,2017
33706,20.0,10.0,3,23,21,7,14,9,2017
33762,20.0,20.0,4,1,31,8,15,9,2017
33795,30.0,20.0,4,2,51,9,15,9,2017
33823,40.0,30.0,4,3,51,10,15,9,2017
33843,40.0,40.0,4,4,31,10,15,9,2017
33905,20.0,40.0,4,6,41,11,15,9,2017
33913,-1.0,20.0,4,7,1,11,15,9,2017
33925,10.0,-1.0,4,7,31,11,15,9,2017
33942,5.0,10.0,4,8,21,11,15,9,2017
33948,10.0,5.0,4,9,1,12,15,9,2017
33998,30.0,10.0,4,11,21,13,15,9,2017
33999,40.0,30.0,4,11,41,13,15,9,2017
34026,-1.0,40.0,4,12,41,14,15,9,2017
34094,45.0,-1.0,4,14,41,15,15,9,2017
34121,45.0,45.0,4,15,41,15,15,9,2017
34171,35.0,45.0,4,17,11,16,15,9,2017
34178,40.0,35.0,4,17,21,16,15,9,2017
34250,25.0,40.0,4,19,31,17,15,9,2017
34258,35.0,25.0,4,20,1,17,15,9,2017
34290,15.0,35.0,4,21,1,18,15,9,2017
34307,15.0,15.0,4,21,31,18,15,9,2017
34368,10.0,15.0,4,23,11,19,15,9,2017
34389,10.0,10.0,5,0,1,19,16,9,2017
34410,15.0,10.0,5,0,51,19,16,9,2017
34440,10.0,15.0,5,1,51,20,16,9,2017
34469,10.0,10.0,5,2,41,20,16,9,2017
34526,10.0,10.0,5,4,31,21,16,9,2017
34527,10.0,10.0,5,4,41,21,16,9,2017
34595,20.0,10.0,5,7,1,23,16,9,2017
34627,-1.0,20.0,5,9,1,24,16,9,2017
34688,15.0,-1.0,5,12,21,25,16,9,2017
34698,20.0,15.0,5,13,1,26,16,9,2017
34775,20.0,20.0,5,15,31,27,16,9,2017
34903,35.0,20.0,5,19,51,29,16,9,2017
34933,40.0,35.0,5,20,41,30,16,9,2017
34998,15.0,40.0,5,22,51,31,16,9,2017
35028,10.0,15.0,5,23,41,31,16,9,2017
35069,10.0,10.0,6,1,1,32,17,9,2017
35124,15.0,10.0,6,2,41,32,17,9,2017
35129,15.0,15.0,6,3,1,33,17,9,2017
35183,15.0,15.0,6,4,31,34,17,9,2017
35236,25.0,15.0,6,6,1,34,17,9,2017
35254,-1.0,25.0,6,7,1,35,17,9,2017
35264,25.0,-1.0,6,7,11,35,17,9,2017
35284,20.0,25.0,6,8,11,36,17,9,2017
35309,10.0,20.0,6,10,1,36,17,9,2017
35342,10.0,10.0,6,11,31,37,17,9,2017
35363,5.0,10.0,6,12,21,37,17,9,2017
35430,20.0,5.0,6,14,51,39,17,9,2017
35461,25.0,20.0,6,15,21,39,17,9,2017
35525,40.0,25.0,6,17,31,40,17,9,2017
35558,45.0,40.0,6,18,21,40,17,9,2017
35587,50.0,45.0,6,19,21,41,17,9,2017
35613,60.0,50.0,6,20,11,41,17,9,2017
35629,70.0,60.0,6,20,51,41,17,9,2017
35650,80.0,70.0,6,21,31,42,17,9,2017
35685,75.0,80.0,6,22,51,42,17,9,2017
35725,75.0,75.0,0,0,1,43,18,9,2017
35750,70.0,75.0,0,0,51,44,18,9,2017
35782,65.0,70.0,0,1,51,44,18,9,2017
35817,60.0,65.0,0,3,1,45,18,9,2017
35862,60.0,60.0,0,4,11,46,18,9,2017
35875,60.0,60.0,0,4,51,46,18,9,2017
35927,50.0,60.0,0,6,21,46,18,9,2017
35941,-1.0,50.0,0,7,1,47,18,9,2017
35954,5.0,-1.0,0,7,41,47,18,9,2017
35956,5.0,5.0,0,7,51,47,18,9,2017
35985,5.0,5.0,0,9,21,47,18,9,2017
36055,30.0,5.0,0,12,31,49,18,9,2017
36066,25.0,30.0,0,13,1,49,18,9,2017
36120,35.0,25.0,0,14,51,50,18,9,2017
36156,20.0,35.0,0,16,1,51,18,9,2017
36255,35.0,20.0,0,19,21,52,18,9,2017
36257,15.0,35.0,0,19,31,52,18,9,2017
36292,40.0,15.0,0,20,51,53,18,9,2017
36390,10.0,40.0,0,23,51,54,18,9,2017
36396,10.0,10.0,1,0,1,55,19,9,2017
36447,10.0,10.0,1,1,41,55,19,9,2017
36504,10.0,10.0,1,3,21,56,19,9,2017
36540,30.0,10.0,3,16,31,55,5,10,2017
36545,35.0,30.0,3,16,50,53,5,10,2017
36577,40.0,35.0,3,17,58,57,5,10,2017
36624,40.0,40.0,3,19,12,8,5,10,2017
36664,40.0,40.0,3,20,22,9,5,10,2017
36729,30.0,40.0,3,23,2,10,5,10,2017
36752,15.0,30.0,3,23,52,11,5,10,2017
36785,5.0,15.0,4,0,52,11,6,10,2017
36864,30.0,5.0,4,3,22,12,6,10,2017
36892,15.0,30.0,4,4,42,13,6,10,2017
36952,5.0,15.0,4,6,32,14,6,10,2017
36961,-1.0,5.0,4,7,2,14,6,10,2017
36967,5.0,-1.0,4,7,12,14,6,10,2017
37031,5.0,5.0,4,11,12,16,6,10,2017
37040,20.0,5.0,4,11,22,16,6,10,2017
37077,40.0,20.0,4,13,2,17,6,10,2017
37164,35.0,40.0,4,15,32,18,6,10,2017
37193,35.0,35.0,4,16,42,19,6,10,2017
37223,40.0,35.0,4,17,22,19,6,10,2017
37254,40.0,40.0,4,18,22,20,6,10,2017
37334,40.0,40.0,4,21,2,21,6,10,2017
37405,15.0,40.0,4,23,12,22,6,10,2017
37415,10.0,15.0,4,23,52,22,6,10,2017
37441,10.0,10.0,5,0,42,23,7,10,2017
37498,15.0,10.0,5,2,12,23,7,10,2017
37508,25.0,15.0,5,2,52,24,7,10,2017
37562,10.0,25.0,5,4,42,25,7,10,2017
37629,-1.0,10.0,5,7,2,26,7,10,2017
37638,10.0,-1.0,5,7,22,26,7,10,2017
37655,10.0,10.0,5,8,32,27,7,10,2017
37672,5.0,10.0,5,9,22,27,7,10,2017
37687,5.0,5.0,5,10,12,27,7,10,2017
37737,20.0,5.0,5,12,52,28,7,10,2017
37786,30.0,20.0,5,14,12,29,7,10,2017
37800,40.0,30.0,5,15,2,29,7,10,2017
37823,40.0,40.0,5,16,2,30,7,10,2017
37851,40.0,40.0,5,17,2,30,7,10,2017
37888,40.0,40.0,5,18,12,34,7,10,2017
37919,40.0,40.0,5,19,12,32,7,10,2017
37955,40.0,40.0,5,20,12,32,7,10,2017
37965,40.0,40.0,5,20,42,32,7,10,2017
38012,45.0,40.0,5,22,12,33,7,10,2017
38048,45.0,45.0,5,23,22,34,7,10,2017
38084,40.0,45.0,6,0,32,34,8,10,2017
38116,20.0,40.0,6,1,32,35,8,10,2017
38164,30.0,20.0,6,3,12,35,8,10,2017
38190,30.0,30.0,6,4,22,36,8,10,2017
38245,15.0,30.0,6,6,12,37,8,10,2017
38258,-1.0,15.0,6,7,2,37,8,10,2017
38283,20.0,-1.0,6,8,22,38,8,10,2017
38319,15.0,20.0,6,11,2,39,8,10,2017
38335,5.0,15.0,6,11,22,40,8,10,2017
38359,5.0,5.0,6,12,22,40,8,10,2017
38372,30.0,5.0,6,13,2,40,8,10,2017
38390,30.0,30.0,6,13,22,40,8,10,2017
38424,20.0,30.0,6,14,52,41,8,10,2017
38454,30.0,20.0,6,15,42,41,8,10,2017
38481,35.0,30.0,6,16,42,42,8,10,2017
38513,40.0,35.0,6,17,42,43,8,10,2017
38539,50.0,40.0,6,18,42,43,8,10,2017
38602,55.0,50.0,6,20,32,44,8,10,2017
38661,60.0,55.0,6,22,32,45,8,10,2017
38689,60.0,60.0,6,23,22,45,8,10,2017
38698,70.0,60.0,0,0,2,46,9,10,2017
38727,70.0,70.0,0,1,2,46,9,10,2017
38776,80.0,70.0,0,2,12,47,9,10,2017
38804,90.0,80.0,0,3,12,47,9,10,2017
38830,90.0,90.0,0,4,22,48,9,10,2017
38836,80.0,90.0,0,4,42,48,9,10,2017
38910,-1.0,80.0,0,7,2,49,9,10,2017
38922,30.0,-1.0,0,7,32,49,9,10,2017
38936,15.0,30.0,0,8,12,49,9,10,2017
38956,30.0,15.0,0,9,12,50,9,10,2017
38976,45.0,30.0,0,10,22,51,9,10,2017
38996,45.0,45.0,0,11,32,51,9,10,2017
39018,60.0,45.0,0,12,22,52,9,10,2017
39086,45.0,60.0,0,15,2,53,9,10,2017
39156,40.0,45.0,0,17,12,54,9,10,2017
39165,45.0,40.0,0,17,42,54,9,10,2017
39219,45.0,45.0,0,19,12,55,9,10,2017
39373,50.0,45.0,1,0,42,58,10,10,2017
39378,30.0,50.0,1,0,52,58,10,10,2017
39434,30.0,30.0,1,2,32,59,10,10,2017
39436,35.0,30.0,1,2,42,58,10,10,2017
39460,35.0,35.0,1,3,22,59,10,10,2017
39489,25.0,35.0,1,4,43,0,10,10,2017
39507,10.0,25.0,1,5,3,0,10,10,2017
39546,5.0,10.0,1,6,43,0,10,10,2017
39553,-1.0,5.0,1,7,3,0,10,10,2017
39566,5.0,-1.0,1,7,33,1,10,10,2017
39609,5.0,5.0,1,10,23,2,10,10,2017
39612,30.0,5.0,1,10,33,2,10,10,2017
39654,40.0,30.0,1,12,33,3,10,10,2017
39656,45.0,40.0,1,12,43,4,10,10,2017
39694,45.0,45.0,1,14,3,4,10,10,2017
39729,45.0,45.0,1,15,3,5,10,10,2017
39760,55.0,45.0,1,16,3,5,10,10,2017
39806,15.0,55.0,1,17,13,6,10,10,2017
39825,70.0,15.0,1,18,3,6,10,10,2017
39873,80.0,70.0,1,19,13,7,10,10,2017
39902,80.0,80.0,1,20,13,7,10,10,2017
39915,90.0,80.0,1,20,53,8,10,10,2017
39963,50.0,90.0,1,22,13,8,10,10,2017
39972,40.0,50.0,1,22,53,8,10,10,2017
40020,10.0,40.0,2,0,13,11,11,10,2017
40058,10.0,10.0,2,1,43,10,11,10,2017
40084,20.0,10.0,2,2,13,10,11,10,2017
40094,-1.0,20.0,2,3,3,11,11,10,2017
40123,10.0,-1.0,2,4,3,11,11,10,2017
40186,30.0,10.0,2,6,3,13,11,10,2017
40209,-1.0,30.0,2,7,3,12,11,10,2017
40220,10.0,-1.0,2,7,33,14,11,10,2017
40238,5.0,10.0,2,8,23,13,11,10,2017
40255,10.0,5.0,2,9,13,14,11,10,2017
40264,30.0,10.0,2,10,3,14,11,10,2017
40294,20.0,30.0,2,11,33,15,11,10,2017
40322,45.0,20.0,2,12,33,15,11,10,2017
40404,45.0,45.0,2,15,23,17,11,10,2017
40406,50.0,45.0,2,15,33,17,11,10,2017
40430,50.0,50.0,2,16,23,17,11,10,2017
40493,50.0,50.0,2,18,23,18,11,10,2017
40497,50.0,50.0,2,18,33,19,11,10,2017
40566,45.0,50.0,2,21,3,19,11,10,2017
40607,50.0,45.0,2,22,13,20,11,10,2017
40656,20.0,50.0,3,0,3,21,12,10,2017
40702,20.0,20.0,3,1,13,22,12,10,2017
40722,20.0,20.0,3,2,3,22,12,10,2017
40753,20.0,20.0,3,3,3,23,12,10,2017
40787,20.0,20.0,3,4,23,23,12,10,2017
40849,10.0,20.0,3,6,23,24,12,10,2017
40858,-1.0,10.0,3,7,3,24,12,10,2017
40864,5.0,-1.0,3,7,13,25,12,10,2017
40887,5.0,5.0,3,8,23,25,12,10,2017
40892,10.0,5.0,3,9,3,26,12,10,2017
40908,30.0,10.0,3,10,3,26,12,10,2017
40938,35.0,30.0,3,11,13,27,12,10,2017
40964,50.0,35.0,3,12,43,28,12,10,2017
40967,45.0,50.0,3,12,53,28,12,10,2017
41000,45.0,45.0,3,14,3,28,12,10,2017
41025,45.0,45.0,3,15,3,29,12,10,2017
41061,40.0,45.0,3,16,3,29,12,10,2017
41085,40.0,40.0,3,17,3,30,12,10,2017
41126,35.0,40.0,3,18,13,30,12,10,2017
41139,30.0,35.0,3,18,53,31,12,10,2017
41189,25.0,30.0,3,20,13,31,12,10,2017
41203,30.0,25.0,3,20,43,31,12,10,2017
41258,15.0,30.0,3,22,23,33,12,10,2017
41322,30.0,15.0,4,0,53,34,13,10,2017
41364,25.0,30.0,4,2,13,35,13,10,2017
41384,20.0,25.0,4,3,3,35,13,10,2017
41402,15.0,20.0,4,3,53,35,13,10,2017
41425,15.0,15.0,4,4,43,36,13,10,2017
41495,-1.0,15.0,4,7,3,37,13,10,2017
41556,20.0,-1.0,4,10,23,39,13,10,2017
41624,25.0,20.0,4,13,13,40,13,10,2017
41670,45.0,25.0,4,14,43,41,13,10,2017
41724,50.0,45.0,4,16,33,42,13,10,2017
41754,50.0,50.0,4,17,43,42,13,10,2017
41776,50.0,50.0,4,18,33,43,13,10,2017
41789,45.0,50.0,4,19,3,43,13,10,2017
41835,50.0,45.0,4,20,53,44,13,10,2017
41854,50.0,50.0,4,21,13,44,13,10,2017
41909,50.0,50.0,4,23,23,45,13,10,2017
41943,15.0,50.0,5,0,23,46,14,10,2017
41956,20.0,15.0,5,1,3,46,14,10,2017
41993,10.0,20.0,5,2,13,46,14,10,2017
42012,10.0,10.0,5,3,3,47,14,10,2017
42060,10.0,10.0,5,4,53,48,14,10,2017
42125,10.0,10.0,5,7,3,49,14,10,2017
42166,10.0,10.0,5,9,33,50,14,10,2017
42202,15.0,10.0,5,11,23,51,14,10,2017
42228,20.0,15.0,5,12,43,52,14,10,2017
42272,20.0,20.0,5,14,3,52,14,10,2017
42300,25.0,20.0,5,15,3,53,14,10,2017
42333,30.0,25.0,5,16,3,53,14,10,2017
42359,30.0,30.0,5,17,3,54,14,10,2017
42393,35.0,30.0,5,18,3,55,14,10,2017
42440,35.0,35.0,5,19,23,55,14,10,2017
42459,35.0,35.0,5,20,3,56,14,10,2017
42481,35.0,35.0,5,20,53,56,14,10,2017
42562,40.0,35.0,5,23,13,57,14,10,2017
42597,60.0,40.0,6,0,23,58,15,10,2017
42632,35.0,60.0,6,1,33,59,15,10,2017
42692,35.0,35.0,6,3,54,0,15,10,2017
42719,35.0,35.0,6,4,44,0,15,10,2017
42723,35.0,35.0,6,4,54,0,15,10,2017
42777,35.0,35.0,6,6,14,1,15,10,2017
42792,35.0,35.0,6,7,4,1,15,10,2017
42833,20.0,35.0,6,9,24,2,15,10,2017
42850,15.0,20.0,6,10,14,2,15,10,2017
42874,10.0,15.0,6,11,34,3,15,10,2017
42906,15.0,10.0,6,12,54,4,15,10,2017
42945,15.0,15.0,6,14,4,4,15,10,2017
42966,20.0,15.0,6,15,4,5,15,10,2017
42995,30.0,20.0,6,16,4,5,15,10,2017
43028,40.0,30.0,6,17,4,6,15,10,2017
43076,40.0,40.0,6,18,34,6,15,10,2017
43106,40.0,40.0,6,19,14,7,15,10,2017
43143,60.0,40.0,6,20,54,8,15,10,2017
43203,65.0,60.0,6,22,44,8,15,10,2017
43257,60.0,65.0,0,0,24,13,16,10,2017
43301,60.0,60.0,0,2,4,10,16,10,2017
43324,60.0,60.0,0,2,54,10,16,10,2017
43347,60.0,60.0,0,3,14,11,16,10,2017
43350,60.0,60.0,0,3,24,10,16,10,2017
43382,60.0,60.0,0,4,54,11,16,10,2017
43442,-1.0,60.0,0,7,4,12,16,10,2017
43449,60.0,-1.0,0,7,14,12,16,10,2017
43483,45.0,60.0,0,9,44,14,16,10,2017
43496,45.0,45.0,0,10,24,14,16,10,2017
43518,60.0,45.0,0,11,24,14,16,10,2017
43547,60.0,60.0,0,12,44,15,16,10,2017
43604,50.0,60.0,0,14,44,16,16,10,2017
43685,50.0,50.0,0,17,14,18,16,10,2017
43720,50.0,50.0,0,18,34,18,16,10,2017
43747,50.0,50.0,0,19,24,18,16,10,2017
43780,50.0,50.0,0,20,44,19,16,10,2017
43790,50.0,50.0,0,21,4,19,16,10,2017
43875,25.0,50.0,0,23,54,21,16,10,2017
43897,20.0,25.0,1,0,34,21,17,10,2017
43958,25.0,20.0,1,2,44,22,17,10,2017
43972,25.0,25.0,1,3,4,22,17,10,2017
44010,20.0,25.0,1,4,14,23,17,10,2017
44014,20.0,20.0,1,4,24,23,17,10,2017
44067,10.0,20.0,1,6,14,24,17,10,2017
44074,-1.0,10.0,1,7,4,24,17,10,2017
44086,5.0,-1.0,1,7,34,24,17,10,2017
44090,15.0,5.0,1,8,4,25,17,10,2017
44112,20.0,15.0,1,9,24,25,17,10,2017
44125,30.0,20.0,1,10,14,26,17,10,2017
44148,40.0,30.0,1,11,24,26,17,10,2017
44167,40.0,40.0,1,12,14,27,17,10,2017
44185,50.0,40.0,1,13,4,27,17,10,2017
44290,55.0,50.0,1,16,44,29,17,10,2017
44292,60.0,55.0,1,16,54,29,17,10,2017
44357,40.0,60.0,1,19,4,30,17,10,2017
44407,40.0,40.0,1,20,34,31,17,10,2017
44465,40.0,40.0,1,22,24,32,17,10,2017
44500,25.0,40.0,1,23,44,32,17,10,2017
44561,25.0,25.0,2,1,24,34,18,10,2017
44563,25.0,25.0,2,1,34,33,18,10,2017
44621,20.0,25.0,2,3,24,34,18,10,2017
44670,20.0,20.0,2,5,4,36,18,10,2017
44706,15.0,20.0,2,6,54,36,18,10,2017
44712,-1.0,15.0,2,7,4,36,18,10,2017
44741,5.0,-1.0,2,8,44,37,18,10,2017
44750,20.0,5.0,2,9,4,37,18,10,2017
44759,20.0,20.0,2,9,54,38,18,10,2017
44824,30.0,20.0,2,12,34,39,18,10,2017
44830,35.0,30.0,2,12,54,39,18,10,2017
44912,45.0,35.0,2,15,44,41,18,10,2017
44964,45.0,45.0,2,17,34,41,18,10,2017
45051,50.0,45.0,2,20,14,43,18,10,2017
45056,45.0,50.0,2,20,24,43,18,10,2017
45073,45.0,45.0,2,21,4,43,18,10,2017
45099,40.0,45.0,2,22,4,44,18,10,2017
45152,-1.0,40.0,2,23,34,45,18,10,2017
45173,30.0,-1.0,3,0,14,46,19,10,2017
45214,30.0,30.0,3,1,34,46,19,10,2017
45226,20.0,30.0,3,2,4,46,19,10,2017
45250,20.0,20.0,3,2,54,46,19,10,2017
45299,10.0,20.0,3,4,24,47,19,10,2017
45349,10.0,10.0,3,6,4,48,19,10,2017
45364,-1.0,10.0,3,7,4,49,19,10,2017
45374,5.0,-1.0,3,7,34,49,19,10,2017
45387,5.0,5.0,3,8,34,49,19,10,2017
45394,5.0,5.0,3,9,4,49,19,10,2017
45417,15.0,5.0,3,10,24,50,19,10,2017
45438,30.0,15.0,3,11,44,51,19,10,2017
45462,45.0,30.0,3,12,24,51,19,10,2017
45489,45.0,45.0,3,13,24,52,19,10,2017
45550,50.0,45.0,3,15,34,52,19,10,2017
45562,50.0,50.0,3,16,4,53,19,10,2017
45611,50.0,50.0,3,17,24,53,19,10,2017
45638,45.0,50.0,3,18,14,54,19,10,2017
45666,30.0,45.0,3,19,4,54,19,10,2017
45683,30.0,30.0,3,19,34,54,19,10,2017
45759,20.0,30.0,3,22,14,56,19,10,2017
45778,20.0,20.0,3,23,4,56,19,10,2017
45825,20.0,20.0,4,0,24,57,20,10,2017
45884,20.0,20.0,4,2,44,58,20,10,2017
45926,20.0,20.0,4,4,4,58,20,10,2017
45941,40.0,20.0,4,4,44,58,20,10,2017
46001,-1.0,40.0,4,7,5,0,20,10,2017
46009,5.0,-1.0,4,7,15,0,20,10,2017
46059,5.0,5.0,4,10,55,2,20,10,2017
46082,25.0,5.0,4,11,55,2,20,10,2017
46090,45.0,25.0,4,12,5,3,20,10,2017
46112,50.0,45.0,4,12,55,3,20,10,2017
46162,50.0,50.0,4,14,25,4,20,10,2017
46192,50.0,50.0,4,15,25,4,20,10,2017
46224,-1.0,50.0,4,16,35,5,20,10,2017
46253,50.0,-1.0,4,17,25,5,20,10,2017
46326,45.0,50.0,4,20,5,6,20,10,2017
46346,45.0,45.0,4,21,5,7,20,10,2017
46389,30.0,45.0,4,22,25,7,20,10,2017
46414,20.0,30.0,4,23,15,8,20,10,2017
46504,20.0,20.0,5,2,15,10,21,10,2017
46554,20.0,20.0,5,4,5,11,21,10,2017
46568,20.0,20.0,5,4,35,11,21,10,2017
46637,-1.0,20.0,5,7,5,12,21,10,2017
46640,20.0,-1.0,5,7,15,12,21,10,2017
46660,10.0,20.0,5,8,35,13,21,10,2017
46678,20.0,10.0,5,9,55,13,21,10,2017
46706,20.0,20.0,5,11,35,14,21,10,2017
46737,20.0,20.0,5,12,55,15,21,10,2017
46782,20.0,20.0,5,14,15,16,21,10,2017
46815,25.0,20.0,5,15,15,17,21,10,2017
46823,40.0,25.0,5,16,5,16,21,10,2017
46856,45.0,40.0,5,17,5,17,21,10,2017
46880,35.0,45.0,5,18,5,18,21,10,2017
46911,35.0,35.0,5,19,5,18,21,10,2017
46941,40.0,35.0,5,20,5,19,21,10,2017
46966,40.0,40.0,5,20,55,19,21,10,2017
47016,45.0,40.0,5,22,25,19,21,10,2017
47051,50.0,45.0,5,23,35,20,21,10,2017
47066,-1.0,50.0,6,0,5,21,22,10,2017
47082,60.0,-1.0,6,0,25,21,22,10,2017
47166,80.0,60.0,6,3,15,22,22,10,2017
47169,90.0,80.0,6,3,25,22,22,10,2017
47198,80.0,90.0,6,4,25,23,22,10,2017
47202,60.0,80.0,6,4,45,23,22,10,2017
47255,60.0,60.0,6,6,15,23,22,10,2017
47271,-1.0,60.0,6,7,5,23,22,10,2017
47291,40.0,-1.0,6,8,25,24,22,10,2017
47293,15.0,40.0,6,8,35,24,22,10,2017
47306,5.0,15.0,6,9,25,24,22,10,2017
47355,10.0,5.0,6,12,15,26,22,10,2017
47357,10.0,10.0,6,12,25,26,22,10,2017
47406,15.0,10.0,6,14,5,27,22,10,2017
47434,10.0,15.0,6,15,5,27,22,10,2017
47466,15.0,10.0,6,16,5,28,22,10,2017
47502,30.0,15.0,6,17,5,29,22,10,2017
47529,35.0,30.0,6,18,5,29,22,10,2017
47555,40.0,35.0,6,19,5,29,22,10,2017
47586,45.0,40.0,6,20,5,30,22,10,2017
47624,45.0,45.0,6,21,5,30,22,10,2017
47665,50.0,45.0,6,22,45,31,22,10,2017
47697,60.0,50.0,6,23,25,31,22,10,2017
47734,60.0,60.0,0,1,5,32,23,10,2017
47762,70.0,60.0,0,1,55,34,23,10,2017
47800,50.0,70.0,0,3,5,33,23,10,2017
47819,55.0,50.0,0,3,55,33,23,10,2017
47842,15.0,55.0,0,4,35,34,23,10,2017
47902,50.0,15.0,0,6,25,35,23,10,2017
47913,30.0,50.0,0,7,5,35,23,10,2017
47938,30.0,30.0,0,8,15,35,23,10,2017
47952,30.0,30.0,0,9,15,36,23,10,2017
47996,50.0,30.0,0,11,25,37,23,10,2017
48023,55.0,50.0,0,12,25,37,23,10,2017
48073,50.0,55.0,0,14,45,39,23,10,2017
48106,50.0,50.0,0,15,55,39,23,10,2017
48118,50.0,50.0,0,16,15,40,23,10,2017
48152,50.0,50.0,0,17,15,40,23,10,2017
48186,50.0,50.0,0,18,25,40,23,10,2017
48241,50.0,50.0,0,20,15,41,23,10,2017
48262,50.0,50.0,0,21,5,42,23,10,2017
48361,30.0,50.0,1,0,35,44,24,10,2017
48365,20.0,30.0,1,0,45,44,24,10,2017
48454,20.0,20.0,1,3,35,45,24,10,2017
48484,20.0,20.0,1,4,45,46,24,10,2017
48539,5.0,20.0,1,6,25,47,24,10,2017
48551,-1.0,5.0,1,7,5,47,24,10,2017
48554,5.0,-1.0,1,7,15,47,24,10,2017
48561,15.0,5.0,1,10,5,49,24,10,2017
48565,30.0,15.0,1,10,15,49,24,10,2017
48592,35.0,30.0,1,11,55,50,24,10,2017
48613,50.0,35.0,1,12,55,50,24,10,2017
48640,50.0,50.0,1,13,55,51,24,10,2017
48708,60.0,50.0,1,16,5,52,24,10,2017
48737,60.0,60.0,1,17,5,52,24,10,2017
48764,40.0,60.0,1,18,5,53,24,10,2017
48793,40.0,40.0,1,19,5,53,24,10,2017
48823,35.0,40.0,1,20,5,54,24,10,2017
48843,20.0,35.0,1,20,45,54,24,10,2017
48912,15.0,20.0,1,23,5,55,24,10,2017
48933,15.0,15.0,2,0,5,56,25,10,2017
48971,20.0,15.0,2,1,15,59,25,10,2017
48986,20.0,20.0,2,1,55,57,25,10,2017
49033,20.0,20.0,2,3,15,58,25,10,2017
49060,20.0,20.0,2,4,45,58,25,10,2017
49111,10.0,20.0,2,6,15,59,25,10,2017
49122,-1.0,10.0,2,7,6,0,25,10,2017
49134,5.0,-1.0,2,7,26,0,25,10,2017
49149,10.0,5.0,2,8,56,1,25,10,2017
49162,10.0,10.0,2,9,26,1,25,10,2017
49179,15.0,10.0,2,10,26,1,25,10,2017
49217,45.0,15.0,2,12,16,3,25,10,2017
49223,45.0,45.0,2,12,46,2,25,10,2017
49250,45.0,45.0,2,13,26,3,25,10,2017
49298,50.0,45.0,2,15,6,4,25,10,2017
49314,50.0,50.0,2,15,56,4,25,10,2017
49362,50.0,50.0,2,17,26,5,25,10,2017
49394,45.0,50.0,2,18,26,5,25,10,2017
49409,40.0,45.0,2,19,6,6,25,10,2017
49433,40.0,40.0,2,19,56,6,25,10,2017
49512,20.0,40.0,2,22,56,8,25,10,2017
49533,20.0,20.0,2,23,46,9,25,10,2017
49590,20.0,20.0,3,1,46,10,26,10,2017
49622,30.0,20.0,3,2,56,10,26,10,2017
49652,40.0,30.0,3,3,56,11,26,10,2017
49673,10.0,40.0,3,4,56,11,26,10,2017
49728,15.0,10.0,3,6,16,12,26,10,2017
49737,-1.0,15.0,3,7,6,12,26,10,2017
49746,-1.0,-1.0,3,7,16,12,26,10,2017
49765,-1.0,-1.0,3,8,26,13,26,10,2017
49782,10.0,-1.0,3,9,46,13,26,10,2017
49795,15.0,10.0,3,10,16,14,26,10,2017
49821,30.0,15.0,3,11,26,15,26,10,2017
49854,60.0,30.0,3,12,56,15,26,10,2017
49969,50.0,60.0,3,16,36,17,26,10,2017
49976,50.0,50.0,3,16,46,17,26,10,2017
50000,45.0,50.0,3,17,36,18,26,10,2017
50028,30.0,45.0,3,18,36,18,26,10,2017
50052,35.0,30.0,3,19,16,19,26,10,2017
50094,25.0,35.0,3,21,6,19,26,10,2017
50309,32.0,25.0,4,4,56,23,27,10,2017
50352,10.0,32.0,4,6,6,24,27,10,2017
50373,-1.0,10.0,4,7,6,24,27,10,2017
50378,5.0,-1.0,4,7,36,24,27,10,2017
50392,5.0,5.0,4,8,6,25,27,10,2017
50414,10.0,5.0,4,9,36,25,27,10,2017
50432,20.0,10.0,4,10,46,26,27,10,2017
50455,30.0,20.0,4,11,36,26,27,10,2017
50479,45.0,30.0,4,12,26,27,27,10,2017
50482,45.0,45.0,4,12,46,27,27,10,2017
50567,50.0,45.0,4,15,36,28,27,10,2017
50618,45.0,50.0,4,17,16,29,27,10,2017
50622,40.0,45.0,4,17,26,29,27,10,2017
50697,40.0,40.0,4,20,6,30,27,10,2017
50724,20.0,40.0,4,20,56,31,27,10,2017
50781,15.0,20.0,4,22,26,32,27,10,2017
50787,10.0,15.0,4,22,56,32,27,10,2017
50870,10.0,10.0,5,1,16,33,28,10,2017
50902,10.0,10.0,5,2,16,33,28,10,2017
50932,10.0,10.0,5,3,26,34,28,10,2017
50947,5.0,10.0,5,4,6,34,28,10,2017
50960,10.0,5.0,5,4,26,35,28,10,2017
51023,15.0,10.0,5,6,56,35,28,10,2017
51034,-1.0,15.0,5,7,6,36,28,10,2017
51081,10.0,-1.0,5,9,46,37,28,10,2017
51083,10.0,10.0,5,9,56,37,28,10,2017
51152,20.0,10.0,5,12,56,38,28,10,2017
51184,25.0,20.0,5,13,56,39,28,10,2017
51215,30.0,25.0,5,14,56,39,28,10,2017
51244,30.0,30.0,5,15,56,39,28,10,2017
51274,45.0,30.0,5,16,56,40,28,10,2017
51303,50.0,45.0,5,17,56,40,28,10,2017
51333,55.0,50.0,5,18,46,41,28,10,2017
51362,55.0,55.0,5,19,46,42,28,10,2017
51392,65.0,55.0,5,20,46,42,28,10,2017
51444,55.0,65.0,5,22,16,43,28,10,2017
51482,55.0,55.0,5,23,36,43,28,10,2017
51489,55.0,55.0,5,23,56,44,28,10,2017
51546,50.0,55.0,6,1,56,44,29,10,2017
51608,45.0,50.0,6,3,46,45,29,10,2017
51631,40.0,45.0,6,4,36,46,29,10,2017
51680,40.0,40.0,6,6,16,46,29,10,2017
51695,-1.0,40.0,6,7,6,47,29,10,2017
51727,10.0,-1.0,6,8,56,50,29,10,2017
51740,10.0,10.0,6,9,16,48,29,10,2017
51756,10.0,10.0,6,10,16,49,29,10,2017
51784,5.0,10.0,6,11,36,49,29,10,2017
51808,15.0,5.0,6,12,26,50,29,10,2017
51813,15.0,15.0,6,12,56,50,29,10,2017
51854,15.0,15.0,6,14,6,50,29,10,2017
51887,20.0,15.0,6,15,6,51,29,10,2017
51923,25.0,20.0,6,16,6,52,29,10,2017
51940,40.0,25.0,6,17,6,52,29,10,2017
51979,40.0,40.0,6,18,6,53,29,10,2017
52013,45.0,40.0,6,19,6,53,29,10,2017
52032,45.0,45.0,6,19,56,53,29,10,2017
52066,45.0,45.0,6,20,46,54,29,10,2017
52098,50.0,45.0,6,21,56,54,29,10,2017
52158,50.0,50.0,6,23,26,55,29,10,2017
52182,50.0,50.0,0,0,16,56,30,10,2017
52212,65.0,50.0,0,1,16,56,30,10,2017
52252,50.0,65.0,0,2,26,56,30,10,2017
52280,45.0,50.0,0,3,16,57,30,10,2017
52308,45.0,45.0,0,4,16,57,30,10,2017
52311,40.0,45.0,0,4,46,57,30,10,2017
52380,-1.0,40.0,0,7,6,59,30,10,2017
52433,30.0,-1.0,0,10,7,0,30,10,2017
52493,40.0,30.0,0,12,57,1,30,10,2017
52547,50.0,40.0,0,14,17,2,30,10,2017
52586,20.0,50.0,0,15,57,2,30,10,2017
52616,20.0,20.0,0,16,57,3,30,10,2017
52696,30.0,20.0,0,19,47,4,30,10,2017
52723,35.0,30.0,0,20,27,5,30,10,2017
52734,40.0,35.0,0,20,57,5,30,10,2017
52778,20.0,40.0,0,22,37,6,30,10,2017
52784,10.0,20.0,0,22,57,6,30,10,2017
52818,20.0,10.0,0,23,57,6,30,10,2017
52857,20.0,20.0,1,1,7,10,31,10,2017
52933,20.0,20.0,1,3,27,8,31,10,2017
52941,-1.0,20.0,1,3,57,8,31,10,2017
52964,20.0,-1.0,1,4,37,8,31,10,2017
53006,35.0,20.0,1,6,7,9,31,10,2017
53029,-1.0,35.0,1,7,7,10,31,10,2017
53035,5.0,-1.0,1,7,17,10,31,10,2017
53053,5.0,5.0,1,8,27,10,31,10,2017
53072,15.0,5.0,1,9,37,11,31,10,2017
53076,45.0,15.0,1,9,57,11,31,10,2017
53113,45.0,45.0,1,11,27,12,31,10,2017
53133,50.0,45.0,1,12,37,12,31,10,2017
53136,50.0,50.0,1,12,47,12,31,10,2017
53156,50.0,50.0,1,13,17,13,31,10,2017
53192,50.0,50.0,1,14,37,14,31,10,2017
53226,50.0,50.0,1,15,57,14,31,10,2017
53250,50.0,50.0,1,16,47,14,31,10,2017
53290,50.0,50.0,1,18,7,15,31,10,2017
53304,55.0,50.0,1,18,47,16,31,10,2017
53333,50.0,55.0,1,19,37,16,31,10,2017
53362,25.0,50.0,1,20,27,16,31,10,2017
53422,30.0,25.0,1,22,47,17,31,10,2017
53477,30.0,30.0,2,0,47,18,1,11,2017
53527,25.0,30.0,2,2,17,19,1,11,2017
53559,5.0,25.0,2,3,37,20,1,11,2017
53584,10.0,5.0,2,4,27,20,1,11,2017
53641,10.0,10.0,2,6,17,21,1,11,2017
53654,-1.0,10.0,2,7,7,21,1,11,2017
53672,10.0,-1.0,2,8,27,22,1,11,2017
53696,10.0,10.0,2,9,57,23,1,11,2017
53709,45.0,10.0,2,10,57,23,1,11,2017
53730,50.0,45.0,2,11,27,24,1,11,2017
53756,50.0,50.0,2,12,47,24,1,11,2017
53812,50.0,50.0,2,14,17,25,1,11,2017
53836,50.0,50.0,2,15,7,25,1,11,2017
53872,45.0,50.0,2,16,17,26,1,11,2017
53923,45.0,45.0,2,18,17,27,1,11,2017
53953,45.0,45.0,2,19,27,27,1,11,2017
53991,40.0,45.0,2,20,57,28,1,11,2017
54040,15.0,40.0,2,22,37,29,1,11,2017
54099,15.0,15.0,3,0,37,30,2,11,2017
54145,10.0,15.0,3,2,7,31,2,11,2017
54184,10.0,10.0,3,3,27,31,2,11,2017
54205,10.0,10.0,3,4,17,31,2,11,2017
54248,10.0,10.0,3,5,57,32,2,11,2017
54278,5.0,10.0,3,7,7,33,2,11,2017
54319,15.0,5.0,3,9,57,34,2,11,2017
54357,25.0,15.0,3,11,17,35,2,11,2017
54382,45.0,25.0,3,12,57,36,2,11,2017
54439,50.0,45.0,3,14,17,36,2,11,2017
54464,50.0,50.0,3,15,7,37,2,11,2017
54523,45.0,50.0,3,17,7,38,2,11,2017
54560,40.0,45.0,3,18,27,38,2,11,2017
54582,40.0,40.0,3,19,7,39,2,11,2017
54590,40.0,40.0,3,19,57,39,2,11,2017
54629,50.0,40.0,3,21,7,40,2,11,2017
54701,45.0,50.0,3,23,27,41,2,11,2017
54702,45.0,45.0,3,23,37,41,2,11,2017
54741,35.0,45.0,4,0,57,43,3,11,2017
54816,35.0,35.0,4,3,27,42,3,11,2017
54844,40.0,35.0,4,4,47,44,3,11,2017
54898,5.0,40.0,4,6,27,44,3,11,2017
54912,-1.0,5.0,4,7,7,44,3,11,2017
54916,5.0,-1.0,4,7,17,45,3,11,2017
54983,5.0,5.0,4,11,7,47,3,11,2017
54991,30.0,5.0,4,11,17,46,3,11,2017
55015,50.0,30.0,4,12,37,47,3,11,2017
55072,50.0,50.0,4,14,27,48,3,11,2017
55132,60.0,50.0,4,16,37,49,3,11,2017
55186,65.0,60.0,4,18,47,50,3,11,2017
55216,65.0,65.0,4,19,37,50,3,11,2017
55242,60.0,65.0,4,20,17,51,3,11,2017
55254,50.0,60.0,4,20,57,51,3,11,2017
55333,20.0,50.0,4,23,17,52,3,11,2017
55382,15.0,20.0,5,1,7,53,4,11,2017
55405,15.0,15.0,5,1,57,53,4,11,2017
55456,10.0,15.0,5,3,37,54,4,11,2017
55484,5.0,10.0,5,4,47,55,4,11,2017
55541,10.0,5.0,5,6,57,56,4,11,2017
55554,10.0,10.0,5,7,7,56,4,11,2017
55583,5.0,10.0,5,9,7,57,4,11,2017
55622,5.0,5.0,5,11,17,58,4,11,2017
55646,5.0,5.0,5,12,17,58,4,11,2017
55649,5.0,5.0,5,12,47,59,4,11,2017
55674,20.0,5.0,5,13,17,59,4,11,2017
55711,40.0,20.0,5,14,48,0,4,11,2017
55746,35.0,40.0,5,15,58,0,4,11,2017
55771,35.0,35.0,5,16,48,1,4,11,2017
55825,40.0,35.0,5,18,28,2,4,11,2017
55831,45.0,40.0,5,18,48,2,4,11,2017
55859,50.0,45.0,5,19,38,2,4,11,2017
55864,50.0,50.0,5,19,58,2,4,11,2017
55950,50.0,50.0,5,22,48,4,4,11,2017
55969,50.0,50.0,5,23,8,4,4,11,2017
56005,50.0,50.0,6,0,8,4,5,11,2017
56069,45.0,50.0,6,2,28,6,5,11,2017
56128,45.0,45.0,6,4,58,7,5,11,2017
56201,45.0,45.0,6,8,8,8,5,11,2017
56215,45.0,45.0,6,9,8,9,5,11,2017
56267,5.0,45.0,6,12,28,10,5,11,2017
56269,10.0,5.0,6,12,38,10,5,11,2017
56287,10.0,10.0,6,13,28,11,5,11,2017
56291,10.0,10.0,6,13,58,11,5,11,2017
56336,20.0,10.0,6,15,8,12,5,11,2017
56374,25.0,20.0,6,16,18,12,5,11,2017
56398,35.0,25.0,6,17,8,12,5,11,2017
56416,40.0,35.0,6,17,58,13,5,11,2017
56458,40.0,40.0,6,19,8,13,5,11,2017
56486,45.0,40.0,6,20,8,13,5,11,2017
56518,45.0,45.0,6,21,8,14,5,11,2017
56534,50.0,45.0,6,21,48,14,5,11,2017
56598,65.0,50.0,6,23,58,15,5,11,2017
56618,4.0,65.0,0,0,18,17,6,11,2017
56693,55.0,4.0,0,2,58,17,6,11,2017
56701,55.0,55.0,0,3,8,17,6,11,2017
56773,55.0,55.0,0,5,58,18,6,11,2017
56796,45.0,55.0,0,6,8,19,6,11,2017
56817,30.0,45.0,0,7,8,19,6,11,2017
56841,5.0,30.0,0,8,8,19,6,11,2017
56858,10.0,5.0,0,9,8,20,6,11,2017
56884,20.0,10.0,0,10,28,20,6,11,2017
56895,30.0,20.0,0,11,8,21,6,11,2017
56927,30.0,30.0,0,12,58,22,6,11,2017
56953,45.0,30.0,0,13,58,22,6,11,2017
56997,60.0,45.0,0,15,18,23,6,11,2017
57052,60.0,60.0,0,17,8,24,6,11,2017
57123,60.0,60.0,0,19,38,25,6,11,2017
57147,60.0,60.0,0,20,28,25,6,11,2017
57196,50.0,60.0,0,22,8,26,6,11,2017
57235,40.0,50.0,0,23,38,27,6,11,2017
57263,20.0,40.0,1,0,38,27,7,11,2017
57309,30.0,20.0,1,2,8,28,7,11,2017
57404,10.0,30.0,1,5,18,30,7,11,2017
57407,10.0,10.0,1,5,28,30,7,11,2017
57410,10.0,10.0,1,5,38,30,7,11,2017
57464,10.0,10.0,1,7,18,31,7,11,2017
57478,5.0,10.0,1,8,8,31,7,11,2017
57498,5.0,5.0,1,9,48,32,7,11,2017
57517,10.0,5.0,1,10,38,32,7,11,2017
57532,15.0,10.0,1,11,18,33,7,11,2017
57552,30.0,15.0,1,12,28,33,7,11,2017
57583,30.0,30.0,1,13,28,34,7,11,2017
57584,45.0,30.0,1,13,38,34,7,11,2017
57617,35.0,45.0,1,14,58,35,7,11,2017
57661,35.0,35.0,1,16,8,35,7,11,2017
57679,40.0,35.0,1,16,58,35,7,11,2017
57737,45.0,40.0,1,18,48,36,7,11,2017
57763,45.0,45.0,1,19,38,36,7,11,2017
57791,55.0,45.0,1,20,18,37,7,11,2017
57809,55.0,55.0,1,21,8,37,7,11,2017
57835,55.0,55.0,1,21,58,37,7,11,2017
57921,25.0,55.0,2,0,28,39,8,11,2017
57953,30.0,25.0,2,1,38,43,8,11,2017
58022,20.0,30.0,2,3,38,40,8,11,2017
58072,15.0,20.0,2,5,28,41,8,11,2017
58076,15.0,15.0,2,5,38,41,8,11,2017
58080,10.0,15.0,2,5,48,41,8,11,2017
58135,10.0,10.0,2,7,38,42,8,11,2017
58152,5.0,10.0,2,8,8,42,8,11,2017
58165,5.0,5.0,2,9,8,43,8,11,2017
58204,25.0,5.0,2,11,38,44,8,11,2017
58240,65.0,25.0,2,13,8,45,8,11,2017
58272,60.0,65.0,2,14,18,45,8,11,2017
58329,60.0,60.0,2,16,18,46,8,11,2017
58355,50.0,60.0,2,17,18,46,8,11,2017
58359,50.0,50.0,2,17,28,47,8,11,2017
58423,45.0,50.0,2,19,38,49,8,11,2017
58452,45.0,45.0,2,20,38,49,8,11,2017
58498,40.0,45.0,2,22,8,49,8,11,2017
58527,40.0,40.0,2,23,8,50,8,11,2017
58602,25.0,40.0,3,1,58,51,9,11,2017
58662,25.0,25.0,3,4,8,53,9,11,2017
58694,20.0,25.0,3,5,8,53,9,11,2017
58703,10.0,20.0,3,5,48,53,9,11,2017
58756,5.0,10.0,3,7,18,54,9,11,2017
58769,5.0,5.0,3,8,8,55,9,11,2017
58789,5.0,5.0,3,9,28,55,9,11,2017
58803,10.0,5.0,3,10,38,55,9,11,2017
58818,20.0,10.0,3,11,18,56,9,11,2017
58841,40.0,20.0,3,12,28,57,9,11,2017
58865,50.0,40.0,3,13,18,57,9,11,2017
58878,60.0,50.0,3,13,58,57,9,11,2017
58925,75.0,60.0,3,15,38,58,9,11,2017
58949,65.0,75.0,3,16,38,59,9,11,2017
58977,50.0,65.0,3,17,38,59,9,11,2017
59008,50.0,50.0,3,18,38,59,9,11,2017
59053,50.0,50.0,3,20,9,1,9,11,2017
59064,45.0,50.0,3,20,49,1,9,11,2017
59092,45.0,45.0,3,21,29,1,9,11,2017
59103,45.0,45.0,3,21,59,1,9,11,2017
59156,30.0,45.0,3,23,19,2,9,11,2017
59233,30.0,30.0,4,2,9,4,10,11,2017
59326,20.0,30.0,4,5,39,5,10,11,2017
59331,10.0,20.0,4,5,49,5,10,11,2017
59389,10.0,10.0,4,7,59,6,10,11,2017
59402,15.0,10.0,4,8,9,7,10,11,2017
59440,20.0,15.0,4,10,49,8,10,11,2017
59477,25.0,20.0,4,12,19,9,10,11,2017
59507,35.0,25.0,4,13,39,9,10,11,2017
59528,35.0,35.0,4,14,9,10,10,11,2017
59539,40.0,35.0,4,14,39,10,10,11,2017
59601,15.0,40.0,4,16,49,11,10,11,2017
59630,20.0,15.0,4,17,39,11,10,11,2017
59661,20.0,20.0,4,18,39,12,10,11,2017
59692,30.0,20.0,4,19,29,13,10,11,2017
59724,25.0,30.0,4,20,29,13,10,11,2017
59749,35.0,25.0,4,21,29,13,10,11,2017
59819,30.0,35.0,4,23,59,14,10,11,2017
59832,30.0,30.0,5,0,9,15,11,11,2017
59854,40.0,30.0,5,0,59,15,11,11,2017
59933,30.0,40.0,5,3,29,17,11,11,2017
59935,45.0,30.0,5,3,39,16,11,11,2017
59941,40.0,45.0,5,3,59,17,11,11,2017
59984,10.0,40.0,5,5,9,17,11,11,2017
59991,15.0,10.0,5,5,39,17,11,11,2017
60043,20.0,15.0,5,7,49,18,11,11,2017
60058,-1.0,20.0,5,8,9,19,11,11,2017
60065,20.0,-1.0,5,8,39,19,11,11,2017
60078,10.0,20.0,5,9,19,19,11,11,2017
60114,15.0,10.0,5,11,29,20,11,11,2017
60117,20.0,15.0,5,11,39,20,11,11,2017
60137,15.0,20.0,5,12,29,21,11,11,2017
60153,15.0,15.0,5,13,9,21,11,11,2017
60170,20.0,15.0,5,13,59,21,11,11,2017
60191,20.0,20.0,5,14,29,22,11,11,2017
60221,45.0,20.0,5,15,49,22,11,11,2017
60248,50.0,45.0,5,16,59,23,11,11,2017
60277,40.0,50.0,5,17,59,23,11,11,2017
60306,45.0,40.0,5,18,49,24,11,11,2017
60339,50.0,45.0,5,19,49,25,11,11,2017
60368,50.0,50.0,5,20,39,25,11,11,2017
60385,50.0,50.0,5,21,9,25,11,11,2017
60480,50.0,50.0,6,0,9,27,12,11,2017
60490,50.0,50.0,6,0,39,27,12,11,2017
60515,45.0,50.0,6,1,9,27,12,11,2017
60586,50.0,45.0,6,3,49,29,12,11,2017
60606,50.0,50.0,6,4,9,29,12,11,2017
60636,45.0,50.0,6,5,29,30,12,11,2017
60638,45.0,45.0,6,5,49,29,12,11,2017
60691,65.0,45.0,6,7,19,30,12,11,2017
60711,-1.0,65.0,6,8,9,31,12,11,2017
60750,15.0,-1.0,6,10,39,32,12,11,2017
60770,20.0,15.0,6,11,59,32,12,11,2017
60812,20.0,20.0,6,13,29,33,12,11,2017
60826,20.0,20.0,6,13,59,33,12,11,2017
60864,20.0,20.0,6,15,9,34,12,11,2017
60885,30.0,20.0,6,15,59,35,12,11,2017
60918,40.0,30.0,6,16,59,35,12,11,2017
60944,50.0,40.0,6,17,59,35,12,11,2017
60999,55.0,50.0,6,19,19,36,12,11,2017
61024,60.0,55.0,6,20,9,37,12,11,2017
61057,65.0,60.0,6,21,9,37,12,11,2017
61073,75.0,65.0,6,21,59,37,12,11,2017
61154,80.0,75.0,0,0,29,41,13,11,2017
61180,90.0,80.0,0,1,19,39,13,11,2017
61212,10.0,90.0,1,5,29,3,14,11,2017
61265,10.0,10.0,1,7,39,17,14,11,2017
61280,-1.0,10.0,1,8,9,17,14,11,2017
61336,5.0,-1.0,1,11,59,19,14,11,2017
61354,30.0,5.0,1,12,19,19,14,11,2017
61375,45.0,30.0,1,13,19,19,14,11,2017
61385,40.0,45.0,1,13,59,20,14,11,2017
61410,40.0,40.0,1,14,39,20,14,11,2017
61446,50.0,40.0,1,15,49,21,14,11,2017
61500,55.0,50.0,1,17,19,21,14,11,2017
61525,55.0,55.0,1,18,9,22,14,11,2017
61567,55.0,55.0,1,19,59,23,14,11,2017
61587,55.0,55.0,1,20,29,24,14,11,2017
61616,50.0,55.0,1,21,19,24,14,11,2017
61672,20.0,50.0,1,23,19,24,14,11,2017
61699,20.0,20.0,2,0,19,26,15,11,2017
61705,15.0,20.0,2,0,29,25,15,11,2017
61774,20.0,15.0,2,2,59,26,15,11,2017
61787,25.0,20.0,2,3,9,26,15,11,2017
61836,20.0,25.0,2,4,59,27,15,11,2017
61853,20.0,20.0,2,5,29,27,15,11,2017
61854,20.0,20.0,2,5,49,27,15,11,2017
61905,5.0,20.0,2,7,19,28,15,11,2017
61923,-1.0,5.0,2,8,9,29,15,11,2017
61939,5.0,-1.0,2,9,19,29,15,11,2017
61977,10.0,5.0,2,11,9,30,15,11,2017
62022,20.0,10.0,2,13,19,31,15,11,2017
62036,45.0,20.0,2,13,59,31,15,11,2017
62141,70.0,45.0,2,17,49,33,15,11,2017
62162,55.0,70.0,2,18,19,34,15,11,2017
62189,45.0,55.0,2,19,9,34,15,11,2017
62217,35.0,45.0,2,20,9,35,15,11,2017
62272,30.0,35.0,2,22,19,36,15,11,2017
62276,35.0,30.0,2,22,29,36,15,11,2017
62308,20.0,0.0,2,23,29,36,15,11,2017
